{
  "customer_id_used_as_feature": false,
  "train_test_customer_id_overlap": 0,
  "target_like_feature_columns": [],
  "preprocessing_inside_pipeline": true,
  "threshold_selected_on_test": false,
  "decision_threshold": 0.31,
  "train_metrics": {
    "accuracy": 0.6602768903088392,
    "precision": 0.4336815447926559,
    "recall": 0.9163879598662207,
    "f1": 0.588740868070477,
    "f2": 0.7495349600612758,
    "roc_auc": 0.8525890036935553,
    "predicted_positive_rate": 0.560702875399361
  },
  "test_metrics": {
    "accuracy": 0.6628814762242725,
    "precision": 0.4358322744599746,
    "recall": 0.9171122994652406,
    "f1": 0.590869939707149,
    "f2": 0.7512045554095489,
    "roc_auc": 0.8446071972926192,
    "predicted_positive_rate": 0.5585521646557843
  },
  "train_minus_test_f2": -0.0016695953482730452,
  "train_minus_test_roc_auc": 0.007981806400936042,
  "cross_split_duplicate_feature_groups": 12,
  "cross_split_duplicate_feature_rows": 27,
  "cross_split_duplicate_groups_same_target_only": 5,
  "cross_split_duplicate_groups_mixed_target": 7
}