{
  "customer_id_used_as_feature": false,
  "train_test_customer_id_overlap": 0,
  "target_like_feature_columns": [],
  "preprocessing_inside_pipeline": true,
  "threshold_selected_on_test": false,
  "decision_threshold": 0.22,
  "train_metrics": {
    "accuracy": 0.6531771388001419,
    "precision": 0.43271767810026385,
    "recall": 0.9872909698996656,
    "f1": 0.6017121891561353,
    "f2": 0.7858588009796614,
    "roc_auc": 0.9117628141158295,
    "predicted_positive_rate": 0.6054313099041534
  },
  "test_metrics": {
    "accuracy": 0.6195883605393896,
    "precision": 0.4064665127020785,
    "recall": 0.9411764705882353,
    "f1": 0.567741935483871,
    "f2": 0.7451312447078747,
    "roc_auc": 0.8431088377379937,
    "predicted_positive_rate": 0.6146202980837473
  },
  "train_minus_test_f2": 0.0407275562717867,
  "train_minus_test_roc_auc": 0.06865397637783577,
  "cross_split_duplicate_feature_groups": 12,
  "cross_split_duplicate_feature_rows": 27,
  "cross_split_duplicate_groups_same_target_only": 5,
  "cross_split_duplicate_groups_mixed_target": 7
}