{
  "customer_id_used_as_feature": false,
  "train_test_customer_id_overlap": 0,
  "target_like_feature_columns": [],
  "preprocessing_inside_pipeline": true,
  "threshold_selected_on_test": false,
  "decision_threshold": 0.31,
  "train_metrics": {
    "accuracy": 0.659389421370252,
    "precision": 0.4339975093399751,
    "recall": 0.9324414715719064,
    "f1": 0.5923093265349479,
    "f2": 0.7582680591818973,
    "roc_auc": 0.8620956057923609,
    "predicted_positive_rate": 0.5701100461483848
  },
  "test_metrics": {
    "accuracy": 0.6486870120652946,
    "precision": 0.42446941323345816,
    "recall": 0.9090909090909091,
    "f1": 0.5787234042553191,
    "f2": 0.740095777100566,
    "roc_auc": 0.84471311581286,
    "predicted_positive_rate": 0.5684882895670689
  },
  "train_minus_test_f2": 0.01817228208133137,
  "train_minus_test_roc_auc": 0.01738248997950087,
  "cross_split_duplicate_feature_groups": 12,
  "cross_split_duplicate_feature_rows": 27,
  "cross_split_duplicate_groups_same_target_only": 5,
  "cross_split_duplicate_groups_mixed_target": 7
}