{
  "customer_id_used_as_feature": false,
  "train_test_customer_id_overlap": 0,
  "target_like_feature_columns": [],
  "preprocessing_inside_pipeline": true,
  "threshold_selected_on_test": false,
  "decision_threshold": 0.22,
  "train_metrics": {
    "accuracy": 0.6148384806531771,
    "precision": 0.4050632911392405,
    "recall": 0.9632107023411371,
    "f1": 0.5702970297029702,
    "f2": 0.7551127425275301,
    "roc_auc": 0.868243666372809,
    "predicted_positive_rate": 0.6309904153354633
  },
  "test_metrics": {
    "accuracy": 0.603264726756565,
    "precision": 0.3971078976640712,
    "recall": 0.9545454545454546,
    "f1": 0.5608798114689709,
    "f2": 0.7453027139874739,
    "roc_auc": 0.8456844661448243,
    "predicted_positive_rate": 0.638041163946061
  },
  "train_minus_test_f2": 0.009810028540056193,
  "train_minus_test_roc_auc": 0.022559200227984744,
  "cross_split_duplicate_feature_groups": 12,
  "cross_split_duplicate_feature_rows": 27,
  "cross_split_duplicate_groups_same_target_only": 5,
  "cross_split_duplicate_groups_mixed_target": 7
}