model,f2_mean,f2_std,recall_mean,precision_mean,f1_mean,roc_auc_mean,accuracy_mean
logistic_regression,0.714727047071605,0.028825627492586513,0.788628762541806,0.5202091446977524,0.626757997524574,0.8468849378098422,0.7509786430596642
decision_tree,0.7081658665354842,0.020846010362724824,0.7792642140468228,0.5202278942113364,0.6233639867488284,0.8315353113305834,0.7502665874443066
random_forest,0.7027076225521357,0.019798203111118993,0.7565217391304349,0.5472581445673137,0.6350174887410546,0.8471984913855799,0.7692607261454276
gradient_boosting,0.5346930292286979,0.03217122639427229,0.5090301003344482,0.6715617585212232,0.578649331323305,0.8463659696588749,0.8035163065148833
dummy_most_frequent,0.0,0.0,0.0,0.0,0.0,0.5,0.7346467539058252
