{
  "selected_model": "catboost",
  "decision_threshold": 0.31,
  "best_params": {
    "model__depth": 4,
    "model__iterations": 100,
    "model__l2_leaf_reg": 3,
    "model__learning_rate": 0.05
  },
  "random_state": 42,
  "test_size": 0.2,
  "model_selection_metric": "pr_auc_average_precision",
  "threshold_selection_metric": "f2_positive_class",
  "test_accuracy": 0.6486870120652946,
  "test_precision": 0.42446941323345816,
  "test_recall": 0.9090909090909091,
  "test_f1": 0.5787234042553191,
  "test_f2": 0.740095777100566,
  "test_pr_auc": 0.6640819992700838,
  "test_roc_auc": 0.84471311581286,
  "train_rows": 5634,
  "test_rows": 1409,
  "positive_rate_train": 0.2653532126375577,
  "positive_rate_test": 0.2654364797728886,
  "positive_rate_predicted_test": 0.5684882895670689
}